filename,if_plate_id,position,sample,status,locations,antibody,ensembl_ids,gene_names
/archive/7/7_C5_1_,7,C5,1,35,"Cytosol,Nuclear speckles",HPA005910,ENSG00000011007,ELOA
/archive/7/7_C5_2_,7,C5,2,35,"Cytosol,Nuclear speckles",HPA005910,ENSG00000011007,ELOA
/archive/7/7_E8_1_,7,E8,1,35,Nuclear speckles,HPA006628,ENSG00000239306,RBM14
/archive/7/7_E8_2_,7,E8,2,35,Nuclear speckles,HPA006628,ENSG00000239306,RBM14
/archive/10/10_G9_1_,10,G9,1,35,Nuclear speckles,HPA008762,ENSG00000116754,SRSF11
/archive/10/10_G9_2_,10,G9,2,35,Nuclear speckles,HPA008762,ENSG00000116754,SRSF11
/archive/13/13_D12_1_,13,D12,1,35,"Centrosome,Nucleoplasm",HPA004790,ENSG00000112118,MCM3
/archive/13/13_D12_2_,13,D12,2,35,"Centrosome,Nucleoplasm",HPA004790,ENSG00000112118,MCM3
/archive/17/17_G2_1_,17,G2,1,35,Nucleoplasm,HPA002564,ENSG00000100823,APEX1
/archive/17/17_G2_2_,17,G2,2,35,Nucleoplasm,HPA002564,ENSG00000100823,APEX1
/archive/20/20_B6_1_,20,B6,1,35,"Micronucleus,Nuclear membrane",HPA008150,ENSG00000120802,TMPO
/archive/20/20_B6_2_,20,B6,2,35,"Micronucleus,Nuclear membrane",HPA008150,ENSG00000120802,TMPO
/archive/23/23_A7_1_,23,A7,1,35,"Microtubules,Nuclear speckles,Nucleoplasm",HPA001591,ENSG00000131051,RBM39
/archive/23/23_A7_2_,23,A7,2,35,"Microtubules,Nuclear speckles,Nucleoplasm",HPA001591,ENSG00000131051,RBM39
/archive/32/32_C4_1_,32,C4,1,35,"Nucleoli,Nucleoplasm",HPA002134,ENSG00000163565,IFI16
/archive/32/32_C4_2_,32,C4,2,35,"Nucleoli,Nucleoplasm",HPA002134,ENSG00000163565,IFI16
/archive/32/32_C8_1_,32,C8,1,35,Plasma membrane,HPA003324,ENSG00000155380,SLC16A1
/archive/32/32_C8_2_,32,C8,2,35,Plasma membrane,HPA003324,ENSG00000155380,SLC16A1
/archive/32/32_E8_1_,32,E8,1,35,"Mitochondria,Nucleoli,Nucleoplasm",HPA001897,ENSG00000129351,ILF3
/archive/32/32_E8_2_,32,E8,2,35,"Mitochondria,Nucleoli,Nucleoplasm",HPA001897,ENSG00000129351,ILF3
/archive/35/35_B9_1_,35,B9,1,35,Nucleoplasm,HPA002649,ENSG00000131469,RPL27
/archive/35/35_B9_2_,35,B9,2,35,Nucleoplasm,HPA002649,ENSG00000131469,RPL27
/archive/35/35_C10_1_,35,C10,1,35,"Cytosol,Endoplasmic reticulum",HPA003570,ENSG00000008988,RPS20
/archive/35/35_C10_2_,35,C10,2,35,"Cytosol,Endoplasmic reticulum",HPA003570,ENSG00000008988,RPS20
/archive/35/35_D10_1_,35,D10,1,35,"Cytosol,Endoplasmic reticulum",HPA004136,ENSG00000188846,RPL14
/archive/35/35_D10_2_,35,D10,2,35,"Cytosol,Endoplasmic reticulum",HPA004136,ENSG00000188846,RPL14
/archive/35/35_D9_1_,35,D9,1,35,"Cytosol,Endoplasmic reticulum",HPA003364,ENSG00000138326,RPS24
/archive/35/35_D9_2_,35,D9,2,35,"Cytosol,Endoplasmic reticulum",HPA003364,ENSG00000138326,RPS24
/archive/35/35_H1_1_,35,H1,1,35,Plasma membrane,HPA001924,ENSG00000110841,PPFIBP1
/archive/35/35_H1_2_,35,H1,2,35,Plasma membrane,HPA001924,ENSG00000110841,PPFIBP1
/archive/41/41_H9_1_,41,H9,1,35,Nucleoplasm,HPA008599,ENSG00000130699,TAF4
/archive/41/41_H9_2_,41,H9,2,35,Nucleoplasm,HPA008599,ENSG00000130699,TAF4
/archive/44/44_G4_1_,44,G4,1,35,"Cytosol,Nuclear speckles",HPA007633,ENSG00000135341,MAP3K7
/archive/44/44_G4_2_,44,G4,2,35,"Cytosol,Nuclear speckles",HPA007633,ENSG00000135341,MAP3K7
/archive/47/47_C4_1_,47,C4,1,35,Endoplasmic reticulum,HPA009026,ENSG00000125844,RRBP1
/archive/47/47_C4_2_,47,C4,2,35,Endoplasmic reticulum,HPA009026,ENSG00000125844,RRBP1
/archive/53/53_G12_1_,53,G12,1,35,"Nucleoli,Nucleoplasm",HPA003028,ENSG00000100129,EIF3L
/archive/53/53_G12_2_,53,G12,2,35,"Nucleoli,Nucleoplasm",HPA003028,ENSG00000100129,EIF3L
/archive/56/56_B3_1_,56,B3,1,35,"Cytosol,Intermediate filaments",HPA002920,ENSG00000101843,PSMD10
/archive/56/56_B3_2_,56,B3,2,35,"Cytosol,Intermediate filaments",HPA002920,ENSG00000101843,PSMD10
/archive/59/59_C7_1_,59,C7,1,35,Cytosol,HPA001481,ENSG00000150787,PTS
/archive/59/59_C7_2_,59,C7,2,35,Cytosol,HPA001481,ENSG00000150787,PTS
/archive/62/62_G1_1_,62,G1,1,35,"Actin filaments,Cytosol",HPA001644,ENSG00000100345,MYH9
/archive/62/62_G1_2_,62,G1,2,35,"Actin filaments,Cytosol",HPA001644,ENSG00000100345,MYH9
/archive/81/81_D2_1_,81,D2,1,35,Nucleoplasm,HPA000956,ENSG00000100823,APEX1
/archive/81/81_D2_2_,81,D2,2,35,Nucleoplasm,HPA000956,ENSG00000100823,APEX1
/archive/81/81_E9_1_,81,E9,1,35,Nucleoplasm,HPA006550,ENSG00000111229,ARPC3
/archive/81/81_E9_2_,81,E9,2,35,Nucleoplasm,HPA006550,ENSG00000111229,ARPC3
/archive/87/87_A11_1_,87,A11,1,35,"Nuclear bodies,Nucleoplasm",HPA011352,ENSG00000150459,SAP18
/archive/87/87_A11_2_,87,A11,2,35,"Nuclear bodies,Nucleoplasm",HPA011352,ENSG00000150459,SAP18
/archive/91/91_F12_1_,91,F12,1,35,"Actin filaments,Cytosol",HPA001925,ENSG00000158710,TAGLN2
/archive/91/91_F12_2_,91,F12,2,35,"Actin filaments,Cytosol",HPA001925,ENSG00000158710,TAGLN2
/archive/92/92_G7_1_,92,G7,1,35,Cytosol,HPA003405,ENSG00000116679,IVNS1ABP
/archive/92/92_G7_2_,92,G7,2,35,Cytosol,HPA003405,ENSG00000116679,IVNS1ABP
/archive/104/104_C8_1_,104,C8,1,35,Endoplasmic reticulum,HPA011924,ENSG00000125844,RRBP1
/archive/104/104_C8_2_,104,C8,2,35,Endoplasmic reticulum,HPA011924,ENSG00000125844,RRBP1
/archive/107/107_F3_1_,107,F3,1,35,Plasma membrane,HPA013607,ENSG00000128641,MYO1B
/archive/107/107_F3_2_,107,F3,2,35,Plasma membrane,HPA013607,ENSG00000128641,MYO1B
/archive/117/117_G1_1_,117,G1,1,35,Nucleoplasm,HPA018883,ENSG00000168066,SF1
/archive/117/117_G1_2_,117,G1,2,35,Nucleoplasm,HPA018883,ENSG00000168066,SF1
/archive/129/129_A8_1_,129,A8,1,35,Plasma membrane,HPA015988,ENSG00000157181,ODR4
/archive/129/129_A8_2_,129,A8,2,35,Plasma membrane,HPA015988,ENSG00000157181,ODR4
/archive/129/129_C11_1_,129,C11,1,35,Plasma membrane,HPA015955,ENSG00000198561,CTNND1
/archive/129/129_C11_2_,129,C11,2,35,Plasma membrane,HPA015955,ENSG00000198561,CTNND1
/archive/157/157_D10_1_,157,D10,1,35,Nuclear speckles,HPA018475,ENSG00000108848,LUC7L3
/archive/157/157_D10_2_,157,D10,2,35,Nuclear speckles,HPA018475,ENSG00000108848,LUC7L3
/archive/157/157_E10_1_,157,E10,1,35,Nuclear speckles,HPA018484,ENSG00000108848,LUC7L3
/archive/157/157_E10_2_,157,E10,2,35,Nuclear speckles,HPA018484,ENSG00000108848,LUC7L3
/archive/168/168_H11_1_,168,H11,1,35,"Cytosol,Plasma membrane",HPA017871,ENSG00000087191,PSMC5
/archive/168/168_H11_2_,168,H11,2,35,"Cytosol,Plasma membrane",HPA017871,ENSG00000087191,PSMC5
/archive/194/194_A4_1_,194,A4,1,35,Cytosol,HPA022989,ENSG00000136436,CALCOCO2
/archive/194/194_A4_2_,194,A4,2,35,Cytosol,HPA022989,ENSG00000136436,CALCOCO2
/archive/194/194_D6_1_,194,D6,1,35,Cytosol,HPA023195,ENSG00000136436,CALCOCO2
/archive/194/194_D6_2_,194,D6,2,35,Cytosol,HPA023195,ENSG00000136436,CALCOCO2
/archive/214/214_B3_1_,214,B3,1,35,"Cytosol,Nuclear speckles",HPA026527,ENSG00000060688,SNRNP40
/archive/214/214_B3_2_,214,B3,2,35,"Cytosol,Nuclear speckles",HPA026527,ENSG00000060688,SNRNP40
/archive/214/214_H8_1_,214,H8,1,35,Cytosol,HPA025753,ENSG00000116161,CACYBP
/archive/214/214_H8_2_,214,H8,2,35,Cytosol,HPA025753,ENSG00000116161,CACYBP
/archive/232/232_G5_1_,232,G5,1,35,"Cytosol,Nucleoplasm",HPA027226,ENSG00000117360,PRPF3
/archive/232/232_G5_2_,232,G5,2,35,"Cytosol,Nucleoplasm",HPA027226,ENSG00000117360,PRPF3
/archive/235/235_A4_1_,235,A4,1,35,Nucleoplasm,HPA019841,ENSG00000137497,NUMA1
/archive/235/235_A4_2_,235,A4,2,35,Nucleoplasm,HPA019841,ENSG00000137497,NUMA1
/archive/235/235_D10_1_,235,D10,1,35,"Cytosol,Nuclear speckles",HPA021788,ENSG00000138398,PPIG
/archive/235/235_D10_2_,235,D10,2,35,"Cytosol,Nuclear speckles",HPA021788,ENSG00000138398,PPIG
/archive/248/248_B6_1_,248,B6,1,35,Nucleoplasm,HPA019824,ENSG00000162775,RBM15
/archive/248/248_B6_2_,248,B6,2,35,Nucleoplasm,HPA019824,ENSG00000162775,RBM15
/archive/257/257_D9_1_,257,D9,1,35,"Actin filaments,Vesicles",HPA028542,ENSG00000169641,LUZP1
/archive/257/257_D9_2_,257,D9,2,35,"Actin filaments,Vesicles",HPA028542,ENSG00000169641,LUZP1
/archive/260/260_F2_1_,260,F2,1,35,Nucleoplasm,HPA026638,ENSG00000263001,GTF2I
/archive/260/260_F2_2_,260,F2,2,35,Nucleoplasm,HPA026638,ENSG00000263001,GTF2I
/archive/264/264_F2_1_,264,F2,1,35,"Actin filaments,Cytosol,Plasma membrane",HPA019493,ENSG00000136167,LCP1
/archive/264/264_F2_2_,264,F2,2,35,"Actin filaments,Cytosol,Plasma membrane",HPA019493,ENSG00000136167,LCP1
/archive/268/268_G4_1_,268,G4,1,35,"Cytosol,Nucleoplasm",HPA023015,ENSG00000168259,DNAJC7
/archive/268/268_G4_2_,268,G4,2,35,"Cytosol,Nucleoplasm",HPA023015,ENSG00000168259,DNAJC7
/archive/272/272_D8_1_,272,D8,1,35,"Cytosol,Nucleoplasm",HPA027901,ENSG00000124802,EEF1E1
/archive/272/272_D8_2_,272,D8,2,35,"Cytosol,Nucleoplasm",HPA027901,ENSG00000124802,EEF1E1
/archive/280/280_G2_1_,280,G2,1,35,Nucleoplasm,HPA020043,ENSG00000108654,DDX5
/archive/280/280_G2_2_,280,G2,2,35,Nucleoplasm,HPA020043,ENSG00000108654,DDX5
/archive/283/283_D7_1_,283,D7,1,35,Cytosol,HPA028487,ENSG00000114867,EIF4G1
/archive/283/283_D7_2_,283,D7,2,35,Cytosol,HPA028487,ENSG00000114867,EIF4G1
/archive/297/297_C7_1_,297,C7,1,35,"Cytosol,Endoplasmic reticulum",HPA029266,ENSG00000142937,RPS8
/archive/297/297_C7_2_,297,C7,2,35,"Cytosol,Endoplasmic reticulum",HPA029266,ENSG00000142937,RPS8
/archive/297/297_G2_1_,297,G2,1,35,"Microtubules,Nucleoplasm",HPA028943,ENSG00000106245,BUD31
/archive/297/297_G2_2_,297,G2,2,35,"Microtubules,Nucleoplasm",HPA028943,ENSG00000106245,BUD31
/archive/331/331_A5_2_,331,A5,2,35,"Cytosol,Nucleoplasm",HPA031600,ENSG00000131013,PPIL4
/archive/331/331_A5_3_,331,A5,3,35,"Cytosol,Nucleoplasm",HPA031600,ENSG00000131013,PPIL4
/archive/331/331_B6_2_,331,B6,2,35,"Endoplasmic reticulum,Micronucleus",HPA030827,ENSG00000108829,LRRC59
/archive/331/331_B6_3_,331,B6,3,35,"Endoplasmic reticulum,Micronucleus",HPA030827,ENSG00000108829,LRRC59
/archive/371/371_A2_1_,371,A2,1,35,Nuclear speckles,HPA034972,ENSG00000182872,RBM10
/archive/376/376_A10_1_,376,A10,1,35,"Cytosol,Endoplasmic reticulum,Nucleoli",HPA035139,ENSG00000109475,RPL34
/archive/376/376_A10_2_,376,A10,2,35,"Cytosol,Endoplasmic reticulum,Nucleoli",HPA035139,ENSG00000109475,RPL34
/archive/376/376_E3_1_,376,E3,1,35,"Nuclear speckles,Nucleoplasm",HPA032054,ENSG00000183431,SF3A3
/archive/376/376_E3_2_,376,E3,2,35,"Nuclear speckles,Nucleoplasm",HPA032054,ENSG00000183431,SF3A3
/archive/385/385_D1_2_,385,D1,2,35,Cytosol,CAB040557,ENSG00000213719,CLIC1
/archive/385/385_D1_3_,385,D1,3,35,Cytosol,CAB040557,ENSG00000213719,CLIC1
/archive/392/392_E11_1_,392,E11,1,35,"Centrosome,Cytosol,Nucleoplasm",HPA035598,ENSG00000129680,MAP7D3
/archive/392/392_E11_2_,392,E11,2,35,"Centrosome,Cytosol,Nucleoplasm",HPA035598,ENSG00000129680,MAP7D3
/archive/395/395_A11_1_,395,A11,1,35,"Actin filaments,Cytosol",HPA028506,ENSG00000169641,LUZP1
/archive/395/395_A11_2_,395,A11,2,35,"Actin filaments,Cytosol",HPA028506,ENSG00000169641,LUZP1
/archive/410/410_D7_1_,410,D7,1,35,"Mitochondria,Nucleoplasm",HPA036671,ENSG00000174173,TRMT10C
/archive/410/410_D7_2_,410,D7,2,35,"Mitochondria,Nucleoplasm",HPA036671,ENSG00000174173,TRMT10C
/archive/410/410_G8_1_,410,G8,1,35,"Nucleoplasm,Vesicles",HPA035907,ENSG00000164609,SLU7
/archive/410/410_G8_2_,410,G8,2,35,"Nucleoplasm,Vesicles",HPA035907,ENSG00000164609,SLU7
/archive/411/411_F4_1_,411,F4,1,35,Cytosol,HPA039020,ENSG00000160695,VPS11
/archive/411/411_F4_2_,411,F4,2,35,Cytosol,HPA039020,ENSG00000160695,VPS11
/archive/412/412_B12_1_,412,B12,1,35,Nucleoplasm,HPA038902,ENSG00000134283,PPHLN1
/archive/412/412_B12_2_,412,B12,2,35,Nucleoplasm,HPA038902,ENSG00000134283,PPHLN1
/archive/412/412_D2_1_,412,D2,1,35,Cytosol,HPA038845,ENSG00000044574,HSPA5
/archive/412/412_D2_2_,412,D2,2,35,Cytosol,HPA038845,ENSG00000044574,HSPA5
/archive/418/418_H8_1_,418,H8,1,35,"Nucleoplasm,Plasma membrane",HPA039362,ENSG00000061936,SFSWAP
/archive/418/418_H8_2_,418,H8,2,35,"Nucleoplasm,Plasma membrane",HPA039362,ENSG00000061936,SFSWAP
/archive/421/421_H1_1_,421,H1,1,35,Nucleoplasm,HPA042382,ENSG00000161526,SAP30BP
/archive/421/421_H1_2_,421,H1,2,35,Nucleoplasm,HPA042382,ENSG00000161526,SAP30BP
/archive/433/433_C12_1_,433,C12,1,35,"Mitochondria,Nucleoplasm",HPA036518,ENSG00000146007,ZMAT2
/archive/433/433_C12_2_,433,C12,2,35,"Mitochondria,Nucleoplasm",HPA036518,ENSG00000146007,ZMAT2
/archive/442/442_A12_1_,442,A12,1,35,Mitochondria,HPA039016,ENSG00000187240,DYNC2H1
/archive/442/442_A12_2_,442,A12,2,35,Mitochondria,HPA039016,ENSG00000187240,DYNC2H1
/archive/443/443_A12_2_,443,A12,2,35,"Nucleoli,Nucleoplasm",HPA038555,ENSG00000133773,CCDC59
/archive/443/443_A12_3_,443,A12,3,35,"Nucleoli,Nucleoplasm",HPA038555,ENSG00000133773,CCDC59
/archive/443/443_G5_1_,443,G5,1,35,"Nucleoli,Nucleoplasm",HPA038182,ENSG00000165669,FAM204A
/archive/443/443_G5_3_,443,G5,3,35,"Nucleoli,Nucleoplasm",HPA038182,ENSG00000165669,FAM204A
/archive/452/452_G8_1_,452,G8,1,35,"Cytosol,Nuclear speckles",HPA038692,ENSG00000185627,PSMD13
/archive/452/452_G8_2_,452,G8,2,35,"Cytosol,Nuclear speckles",HPA038692,ENSG00000185627,PSMD13
/archive/464/464_H9_1_,464,H9,1,35,Cytosol,HPA041997,ENSG00000130811,EIF3G
/archive/464/464_H9_2_,464,H9,2,35,Cytosol,HPA041997,ENSG00000130811,EIF3G
/archive/465/465_B7_1_,465,B7,1,35,"Cytosol,Nucleoplasm",HPA042823,ENSG00000100519,PSMC6
/archive/465/465_B7_2_,465,B7,2,35,"Cytosol,Nucleoplasm",HPA042823,ENSG00000100519,PSMC6
/archive/470/470_A12_1_,470,A12,1,35,"Cytosol,Nucleoli",HPA042874,ENSG00000187051,RPS19BP1
/archive/470/470_A12_2_,470,A12,2,35,"Cytosol,Nucleoli",HPA042874,ENSG00000187051,RPS19BP1
/archive/476/476_B7_2_,476,B7,2,35,Mitochondria,HPA043475,ENSG00000165637,VDAC2
/archive/476/476_B7_3_,476,B7,3,35,Mitochondria,HPA043475,ENSG00000165637,VDAC2
/archive/476/476_C9_1_,476,C9,1,35,Mitochondria,HPA040648,ENSG00000108064,TFAM
/archive/476/476_C9_2_,476,C9,2,35,Mitochondria,HPA040648,ENSG00000108064,TFAM
/archive/476/476_F6_1_,476,F6,1,35,"Nucleoli,Nucleoplasm",HPA043484,ENSG00000100650,SRSF5
/archive/476/476_F6_2_,476,F6,2,35,"Nucleoli,Nucleoplasm",HPA043484,ENSG00000100650,SRSF5
/archive/480/480_E5_1_,480,E5,1,35,Vesicles,HPA042838,ENSG00000123154,WDR83
/archive/480/480_E5_2_,480,E5,2,35,Vesicles,HPA042838,ENSG00000123154,WDR83
/archive/480/480_F4_1_,480,F4,1,35,"Cytosol,Nuclear membrane",HPA043398,ENSG00000171867,PRNP
/archive/480/480_F4_3_,480,F4,3,35,"Cytosol,Nuclear membrane",HPA043398,ENSG00000171867,PRNP
/archive/490/490_E10_1_,490,E10,1,35,Nuclear speckles,HPA041411,ENSG00000167978,SRRM2
/archive/490/490_E10_3_,490,E10,3,35,Nuclear speckles,HPA041411,ENSG00000167978,SRRM2
/archive/490/490_H3_1_,490,H3,1,35,Nuclear speckles,HPA042816,ENSG00000204256,BRD2
/archive/490/490_H3_2_,490,H3,2,35,Nuclear speckles,HPA042816,ENSG00000204256,BRD2
/archive/517/517_A9_1_,517,A9,1,35,"Endoplasmic reticulum,Nuclear bodies",HPA039414,ENSG00000117899,MESD
/archive/517/517_A9_2_,517,A9,2,35,"Endoplasmic reticulum,Nuclear bodies",HPA039414,ENSG00000117899,MESD
/archive/529/529_F6_1_,529,F6,1,35,Plasma membrane,HPA044745,ENSG00000146112,PPP1R18
/archive/529/529_F6_2_,529,F6,2,35,Plasma membrane,HPA044745,ENSG00000146112,PPP1R18
/archive/532/532_A7_2_,532,A7,2,35,Mitochondria,HPA042226,ENSG00000138495,COX17
/archive/532/532_A7_3_,532,A7,3,35,Mitochondria,HPA042226,ENSG00000138495,COX17
/archive/534/534_D2_1_,534,D2,1,35,"Cytosol,Nucleoplasm",HPA040063,ENSG00000061936,SFSWAP
/archive/534/534_D2_2_,534,D2,2,35,"Cytosol,Nucleoplasm",HPA040063,ENSG00000061936,SFSWAP
/archive/537/537_E6_2_,537,E6,2,35,Nucleoplasm,HPA037478,ENSG00000134453,RBM17
/archive/537/537_E6_4_,537,E6,4,35,Nucleoplasm,HPA037478,ENSG00000134453,RBM17
/archive/537/537_G10_1_,537,G10,1,35,"Golgi apparatus,Nucleoplasm",HPA038903,ENSG00000134283,PPHLN1
/archive/537/537_G10_2_,537,G10,2,35,"Golgi apparatus,Nucleoplasm",HPA038903,ENSG00000134283,PPHLN1
/archive/542/542_B11_1_,542,B11,1,35,Vesicles,HPA036250,ENSG00000119812,FAM98A
/archive/542/542_B11_2_,542,B11,2,35,Vesicles,HPA036250,ENSG00000119812,FAM98A
/archive/542/542_C6_1_,542,C6,1,35,Endoplasmic reticulum,HPA030829,ENSG00000108829,LRRC59
/archive/542/542_C6_2_,542,C6,2,35,Endoplasmic reticulum,HPA030829,ENSG00000108829,LRRC59
/archive/550/550_F6_1_,550,F6,1,35,Cytosol,HPA045841,ENSG00000188643,S100A16
/archive/550/550_F6_2_,550,F6,2,35,Cytosol,HPA045841,ENSG00000188643,S100A16
/archive/564/564_F11_2_,564,F11,2,35,Mitochondria,HPA027407,ENSG00000106153,CHCHD2
/archive/564/564_F7_1_,564,F7,1,35,"Micronucleus,Nucleoplasm",HPA012008,ENSG00000111642,CHD4
/archive/564/564_F7_2_,564,F7,2,35,"Micronucleus,Nucleoplasm",HPA012008,ENSG00000111642,CHD4
/archive/565/565_E10_1_,565,E10,1,35,Endoplasmic reticulum,HPA034652,ENSG00000143870,PDIA6
/archive/565/565_E10_2_,565,E10,2,35,Endoplasmic reticulum,HPA034652,ENSG00000143870,PDIA6
/archive/566/566_H4_1_,566,H4,1,35,"Cytosol,Nucleoli,Nucleoplasm",HPA036315,ENSG00000130119,GNL3L
/archive/566/566_H4_2_,566,H4,2,35,"Cytosol,Nucleoli,Nucleoplasm",HPA036315,ENSG00000130119,GNL3L
/archive/574/574_B10_2_,574,B10,2,35,Vesicles,HPA042629,ENSG00000123154,WDR83
/archive/574/574_B10_4_,574,B10,4,35,Vesicles,HPA042629,ENSG00000123154,WDR83
/archive/582/582_D1_1_,582,D1,1,35,Endoplasmic reticulum,HPA038677,ENSG00000166130,IKBIP
/archive/582/582_D1_2_,582,D1,2,35,Endoplasmic reticulum,HPA038677,ENSG00000166130,IKBIP
/archive/603/603_C11_1_,603,C11,1,35,"Cytosol,Nuclear speckles",HPA034981,ENSG00000157625,TAB3
/archive/603/603_C11_2_,603,C11,2,35,"Cytosol,Nuclear speckles",HPA034981,ENSG00000157625,TAB3
/archive/613/613_E3_1_,613,E3,1,35,"Nucleoli rim,Nucleoplasm",CAB012235,ENSG00000184897,H1-10
/archive/613/613_E3_2_,613,E3,2,35,"Nucleoli rim,Nucleoplasm",CAB012235,ENSG00000184897,H1-10
/archive/614/614_A8_1_,614,A8,1,35,,CAB020673,ENSG00000136167,LCP1
/archive/614/614_A8_2_,614,A8,2,35,,CAB020673,ENSG00000136167,LCP1
/archive/615/615_A4_1_,615,A4,1,35,"Cytosol,Nucleoplasm",CAB015942,ENSG00000165416,SUGT1
/archive/615/615_A4_2_,615,A4,2,35,"Cytosol,Nucleoplasm",CAB015942,ENSG00000165416,SUGT1
/archive/615/615_C12_2_,615,C12,2,35,Microtubules,CAB005887,ENSG00000127824,TUBA4A
/archive/615/615_C12_4_,615,C12,4,35,Microtubules,CAB005887,ENSG00000127824,TUBA4A
/archive/615/615_D10_1_,615,D10,1,35,"Endoplasmic reticulum,Nucleoplasm",CAB022076,ENSG00000058262,SEC61A1
/archive/615/615_D10_3_,615,D10,3,35,"Endoplasmic reticulum,Nucleoplasm",CAB022076,ENSG00000058262,SEC61A1
/archive/619/619_A6_1_,619,A6,1,35,Nucleoplasm,HPA046309,ENSG00000160392,C19orf47
/archive/619/619_A6_2_,619,A6,2,35,Nucleoplasm,HPA046309,ENSG00000160392,C19orf47
/archive/619/619_D7_1_,619,D7,1,35,Nucleoplasm,HPA046681,ENSG00000119616,FCF1
/archive/619/619_D7_2_,619,D7,2,35,Nucleoplasm,HPA046681,ENSG00000119616,FCF1
/archive/619/619_H10_3_,619,H10,3,35,Cytosol,HPA047132,ENSG00000233927,RPS28
/archive/619/619_H10_4_,619,H10,4,35,Cytosol,HPA047132,ENSG00000233927,RPS28
/archive/620/620_E2_1_,620,E2,1,35,Nucleoplasm,CAB015201,ENSG00000162775,RBM15
/archive/620/620_E2_2_,620,E2,2,35,Nucleoplasm,CAB015201,ENSG00000162775,RBM15
/archive/620/620_H1_1_,620,H1,1,35,Mitochondria,CAB014889,ENSG00000215021,PHB2
/archive/620/620_H1_2_,620,H1,2,35,Mitochondria,CAB014889,ENSG00000215021,PHB2
/archive/630/630_F4_1_,630,F4,1,35,"Cytosol,Plasma membrane",CAB003837,ENSG00000198561,CTNND1
/archive/630/630_F4_2_,630,F4,2,35,"Cytosol,Plasma membrane",CAB003837,ENSG00000198561,CTNND1
/archive/630/630_H5_1_,630,H5,1,35,Golgi apparatus,CAB003791,ENSG00000105974,CAV1
/archive/630/630_H5_2_,630,H5,2,35,Golgi apparatus,CAB003791,ENSG00000105974,CAV1
/archive/631/631_B1_5_,631,B1,5,35,"Cytosol,Plasma membrane",CAB007795,ENSG00000167658,EEF2
/archive/631/631_B1_6_,631,B1,6,35,"Cytosol,Plasma membrane",CAB007795,ENSG00000167658,EEF2
/archive/632/632_D4_1_,632,D4,1,35,"Cytosol,Plasma membrane",CAB008663,ENSG00000117592,PRDX6
/archive/632/632_D4_2_,632,D4,2,35,"Cytosol,Plasma membrane",CAB008663,ENSG00000117592,PRDX6
/archive/635/635_C4_1_,635,C4,1,35,Nucleoplasm,CAB005355,ENSG00000121774,KHDRBS1
/archive/635/635_C4_2_,635,C4,2,35,Nucleoplasm,CAB005355,ENSG00000121774,KHDRBS1
/archive/637/637_D3_5_,637,D3,5,35,Cytosol,CAB011663,ENSG00000134001,EIF2S1
/archive/637/637_D3_6_,637,D3,6,35,Cytosol,CAB011663,ENSG00000134001,EIF2S1
/archive/637/637_H2_1_,637,H2,1,35,Cytosol,CAB011536,ENSG00000070756,PABPC1
/archive/637/637_H2_2_,637,H2,2,35,Cytosol,CAB011536,ENSG00000070756,PABPC1
/archive/642/642_A8_3_,642,A8,3,35,Endoplasmic reticulum,CAB017368,ENSG00000155660,PDIA4
/archive/642/642_A8_4_,642,A8,4,35,Endoplasmic reticulum,CAB017368,ENSG00000155660,PDIA4
/archive/642/642_D2_1_,642,D2,1,35,Nucleoplasm,CAB005868,ENSG00000108654,DDX5
/archive/642/642_D2_2_,642,D2,2,35,Nucleoplasm,CAB005868,ENSG00000108654,DDX5
/archive/645/645_A1_1_,645,A1,1,35,Nucleoplasm,CAB047307,ENSG00000100823,APEX1
/archive/645/645_A1_3_,645,A1,3,35,Nucleoplasm,CAB047307,ENSG00000100823,APEX1
/archive/652/652_F11_1_,652,F11,1,35,Nucleoplasm,CAB006264,ENSG00000162521,RBBP4
/archive/652/652_F11_2_,652,F11,2,35,Nucleoplasm,CAB006264,ENSG00000162521,RBBP4
/archive/653/653_A4_2_,653,A4,2,35,Nucleoplasm,CAB004230,ENSG00000182944,EWSR1
/archive/653/653_A4_3_,653,A4,3,35,Nucleoplasm,CAB004230,ENSG00000182944,EWSR1
/archive/653/653_D4_1_,653,D4,1,35,Mitochondria,CAB004222,ENSG00000172115,CYCS
/archive/653/653_D4_2_,653,D4,2,35,Mitochondria,CAB004222,ENSG00000172115,CYCS
/archive/662/662_B11_1_,662,B11,1,35,Nucleoplasm,CAB004294,ENSG00000100823,APEX1
/archive/662/662_B11_2_,662,B11,2,35,Nucleoplasm,CAB004294,ENSG00000100823,APEX1
/archive/662/662_E6_1_,662,E6,1,35,Nucleoplasm,CAB004652,ENSG00000077312,SNRPA
/archive/662/662_E6_2_,662,E6,2,35,Nucleoplasm,CAB004652,ENSG00000077312,SNRPA
/archive/667/667_C12_1_,667,C12,1,35,Cytosol,CAB002058,ENSG00000080824,HSP90AA1
/archive/667/667_C12_2_,667,C12,2,35,Cytosol,CAB002058,ENSG00000080824,HSP90AA1
/archive/667/667_E1_1_,667,E1,1,35,Microtubules,CAB004621,ENSG00000127824,TUBA4A
/archive/667/667_E1_2_,667,E1,2,35,Microtubules,CAB004621,ENSG00000127824,TUBA4A
/archive/668/668_A12_1_,668,A12,1,35,,CAB002139,ENSG00000173801,JUP
/archive/668/668_A12_2_,668,A12,2,35,,CAB002139,ENSG00000173801,JUP
/archive/668/668_H1_1_,668,H1,1,35,Nucleoplasm,CAB002162,ENSG00000112118,MCM3
/archive/668/668_H1_2_,668,H1,2,35,Nucleoplasm,CAB002162,ENSG00000112118,MCM3
/archive/669/669_H5_1_,669,H5,1,35,"Focal adhesion sites,Plasma membrane",CAB004303,ENSG00000072110,ACTN1
/archive/669/669_H5_2_,669,H5,2,35,"Focal adhesion sites,Plasma membrane",CAB004303,ENSG00000072110,ACTN1
/archive/711/711_D12_1_,711,D12,1,35,"Cytosol,Endoplasmic reticulum,Nucleoli",HPA049719,ENSG00000142534,RPS11
/archive/711/711_D12_2_,711,D12,2,35,"Cytosol,Endoplasmic reticulum,Nucleoli",HPA049719,ENSG00000142534,RPS11
/archive/711/711_G11_1_,711,G11,1,35,Nucleoplasm,HPA047513,ENSG00000116560,SFPQ
/archive/711/711_G11_2_,711,G11,2,35,Nucleoplasm,HPA047513,ENSG00000116560,SFPQ
/archive/712/712_D4_1_,712,D4,1,35,Nucleoplasm,HPA048694,ENSG00000205581,HMGN1
/archive/712/712_D4_2_,712,D4,2,35,Nucleoplasm,HPA048694,ENSG00000205581,HMGN1
/archive/725/725_B8_1_,725,B8,1,35,Nuclear speckles,HPA047047,ENSG00000109606,DHX15
/archive/725/725_B8_2_,725,B8,2,35,Nuclear speckles,HPA047047,ENSG00000109606,DHX15
/archive/726/726_G4_2_,726,G4,2,35,"Nucleoli,Nucleoplasm",HPA046768,ENSG00000189306,RRP7A
/archive/726/726_G4_3_,726,G4,3,35,"Nucleoli,Nucleoplasm",HPA046768,ENSG00000189306,RRP7A
/archive/727/727_F7_1_,727,F7,1,35,"Nuclear membrane,Nucleoplasm",HPA050516,ENSG00000126804,ZBTB1
/archive/727/727_F7_2_,727,F7,2,35,"Nuclear membrane,Nucleoplasm",HPA050516,ENSG00000126804,ZBTB1
/archive/735/735_E7_1_,735,E7,1,35,"Focal adhesion sites,Plasma membrane",HPA049511,ENSG00000099812,MISP
/archive/735/735_E7_2_,735,E7,2,35,"Focal adhesion sites,Plasma membrane",HPA049511,ENSG00000099812,MISP
/archive/738/738_D7_1_,738,D7,1,35,Vesicles,HPA032047,ENSG00000173801,JUP
/archive/738/738_D7_2_,738,D7,2,35,Vesicles,HPA032047,ENSG00000173801,JUP
/archive/740/740_H6_1_,740,H6,1,35,Nucleoplasm,HPA049975,ENSG00000123836,PFKFB2
/archive/740/740_H6_2_,740,H6,2,35,Nucleoplasm,HPA049975,ENSG00000123836,PFKFB2
/archive/758/758_B6_1_,758,B6,1,35,"Nucleoli,Nucleoplasm",HPA040099,ENSG00000184897,H1-10
/archive/758/758_B6_2_,758,B6,2,35,"Nucleoli,Nucleoplasm",HPA040099,ENSG00000184897,H1-10
/archive/758/758_E6_1_,758,E6,1,35,Endoplasmic reticulum,HPA041721,ENSG00000117899,MESD
/archive/758/758_E6_2_,758,E6,2,35,Endoplasmic reticulum,HPA041721,ENSG00000117899,MESD
/archive/761/761_A1_1_,761,A1,1,35,"Nucleoli rim,Nucleoplasm",HPA051771,ENSG00000182944,EWSR1
/archive/761/761_A1_2_,761,A1,2,35,"Nucleoli rim,Nucleoplasm",HPA051771,ENSG00000182944,EWSR1
/archive/761/761_B7_1_,761,B7,1,35,Nucleoplasm,HPA049642,ENSG00000162775,RBM15
/archive/761/761_B7_2_,761,B7,2,35,Nucleoplasm,HPA049642,ENSG00000162775,RBM15
/archive/761/761_E9_1_,761,E9,1,35,"Nucleoplasm,Plasma membrane",HPA051000,ENSG00000146112,PPP1R18
/archive/761/761_E9_2_,761,E9,2,35,"Nucleoplasm,Plasma membrane",HPA051000,ENSG00000146112,PPP1R18
/archive/779/779_F10_1_,779,F10,1,35,"Cytosol,Endoplasmic reticulum,Nucleoli",HPA046572,ENSG00000063177,RPL18
/archive/779/779_F10_2_,779,F10,2,35,"Cytosol,Endoplasmic reticulum,Nucleoli",HPA046572,ENSG00000063177,RPL18
/archive/779/779_G1_2_,779,G1,2,35,Nucleoplasm,HPA052943,ENSG00000161526,SAP30BP
/archive/779/779_G1_3_,779,G1,3,35,Nucleoplasm,HPA052943,ENSG00000161526,SAP30BP
/archive/780/780_F5_1_,780,F5,1,35,Nucleoplasm,HPA031352,ENSG00000157181,ODR4
/archive/780/780_F5_2_,780,F5,2,35,Nucleoplasm,HPA031352,ENSG00000157181,ODR4
/archive/794/794_C10_1_,794,C10,1,35,Nucleoplasm,HPA051280,ENSG00000121774,KHDRBS1
/archive/794/794_C10_2_,794,C10,2,35,Nucleoplasm,HPA051280,ENSG00000121774,KHDRBS1
/archive/795/795_C10_3_,795,C10,3,35,"Cytosol,Vesicles",HPA043866,ENSG00000114867,EIF4G1
/archive/795/795_C10_4_,795,C10,4,35,"Cytosol,Vesicles",HPA043866,ENSG00000114867,EIF4G1
/archive/795/795_D5_2_,795,D5,2,35,Mitochondria,HPA039874,ENSG00000215021,PHB2
/archive/795/795_D5_3_,795,D5,3,35,Mitochondria,HPA039874,ENSG00000215021,PHB2
/archive/808/808_G10_1_,808,G10,1,35,,HPA052510,ENSG00000106153,CHCHD2
/archive/808/808_G10_2_,808,G10,2,35,,HPA052510,ENSG00000106153,CHCHD2
/archive/809/809_E9_3_,809,E9,3,35,Nucleoli,HPA053424,ENSG00000184967,NOC4L
/archive/809/809_E9_4_,809,E9,4,35,Nucleoli,HPA053424,ENSG00000184967,NOC4L
/archive/810/810_E12_1_,810,E12,1,35,"Cytosol,Plasma membrane",HPA040534,ENSG00000167658,EEF2
/archive/810/810_E12_2_,810,E12,2,35,"Cytosol,Plasma membrane",HPA040534,ENSG00000167658,EEF2
/archive/829/829_A2_1_,829,A2,1,35,Mitochondria,HPA039015,ENSG00000187240,DYNC2H1
/archive/829/829_A2_2_,829,A2,2,35,Mitochondria,HPA039015,ENSG00000187240,DYNC2H1
/archive/829/829_G1_1_,829,G1,1,35,"Nucleoli,Nucleoplasm",HPA035736,ENSG00000155438,NIFK
/archive/829/829_G1_2_,829,G1,2,35,"Nucleoli,Nucleoplasm",HPA035736,ENSG00000155438,NIFK
/archive/849/849_F12_1_,849,F12,1,35,Nucleoplasm,HPA054102,ENSG00000123562,MORF4L2
/archive/849/849_F12_2_,849,F12,2,35,Nucleoplasm,HPA054102,ENSG00000123562,MORF4L2
/archive/872/872_G3_1_,872,G3,1,35,"Cytosol,Endoplasmic reticulum",HPA054853,ENSG00000186468,RPS23
/archive/872/872_G3_2_,872,G3,2,35,"Cytosol,Endoplasmic reticulum",HPA054853,ENSG00000186468,RPS23
/archive/873/873_A4_3_,873,A4,3,35,Cytosol,HPA055557,ENSG00000023734,STRAP
/archive/873/873_G11_1_,873,G11,1,35,"Cytosol,Endoplasmic reticulum",HPA054510,ENSG00000115268,RPS15
/archive/873/873_G11_2_,873,G11,2,35,"Cytosol,Endoplasmic reticulum",HPA054510,ENSG00000115268,RPS15
/archive/884/884_C8_1_,884,C8,1,35,"Cytosol,Nucleoplasm",HPA046433,ENSG00000169047,IRS1
/archive/884/884_C8_2_,884,C8,2,35,"Cytosol,Nucleoplasm",HPA046433,ENSG00000169047,IRS1
/archive/884/884_F2_1_,884,F2,1,35,"Cytosol,Nucleoplasm",HPA039291,ENSG00000168439,STIP1
/archive/884/884_F2_4_,884,F2,4,35,"Cytosol,Nucleoplasm",HPA039291,ENSG00000168439,STIP1
/archive/894/894_G3_1_,894,G3,1,35,Nucleoplasm,HPA054834,ENSG00000077312,SNRPA
/archive/894/894_G3_2_,894,G3,2,35,Nucleoplasm,HPA054834,ENSG00000077312,SNRPA
/archive/895/895_F4_1_,895,F4,1,35,,HPA054552,ENSG00000126804,ZBTB1
/archive/895/895_F4_3_,895,F4,3,35,,HPA054552,ENSG00000126804,ZBTB1
/archive/912/912_A6_1_,912,A6,1,35,Cytosol,HPA056561,ENSG00000134222,PSRC1
/archive/912/912_A6_2_,912,A6,2,35,Cytosol,HPA056561,ENSG00000134222,PSRC1
/archive/914/914_D11_1_,914,D11,1,35,Nucleoplasm,HPA056813,ENSG00000121774,KHDRBS1
/archive/914/914_D11_2_,914,D11,2,35,Nucleoplasm,HPA056813,ENSG00000121774,KHDRBS1
/archive/914/914_G11_1_,914,G11,1,35,"Cytosol,Endoplasmic reticulum,Nucleoplasm",HPA056624,ENSG00000221983,UBA52
/archive/914/914_G11_3_,914,G11,3,35,"Cytosol,Endoplasmic reticulum,Nucleoplasm",HPA056624,ENSG00000221983,UBA52
/archive/920/920_B8_1_,920,B8,1,35,,HPA056523,ENSG00000100650,SRSF5
/archive/920/920_B8_2_,920,B8,2,35,,HPA056523,ENSG00000100650,SRSF5
/archive/931/931_H7_1_,931,H7,1,35,"Micronucleus,Nuclear membrane",CAB009847,ENSG00000120802,TMPO
/archive/931/931_H7_2_,931,H7,2,35,"Micronucleus,Nuclear membrane",CAB009847,ENSG00000120802,TMPO
/archive/932/932_A5_1_,932,A5,1,35,"Cytokinetic bridge,Microtubules,Plasma membrane",CAB017489,ENSG00000155380,SLC16A1
/archive/932/932_A5_2_,932,A5,2,35,"Cytokinetic bridge,Microtubules,Plasma membrane",CAB017489,ENSG00000155380,SLC16A1
/archive/932/932_H10_1_,932,H10,1,35,"Cytosol,Endoplasmic reticulum,Nucleoli",CAB033836,ENSG00000077380,DYNC1I2
/archive/932/932_H10_2_,932,H10,2,35,"Cytosol,Endoplasmic reticulum,Nucleoli",CAB033836,ENSG00000077380,DYNC1I2
/archive/943/943_H4_1_,943,H4,1,35,Nucleoli,CAB015382,ENSG00000155438,NIFK
/archive/943/943_H4_2_,943,H4,2,35,Nucleoli,CAB015382,ENSG00000155438,NIFK
/archive/943/943_H6_1_,943,H6,1,35,"Nucleoli,Nucleoplasm",CAB016293,ENSG00000163565,IFI16
/archive/943/943_H6_2_,943,H6,2,35,"Nucleoli,Nucleoplasm",CAB016293,ENSG00000163565,IFI16
/archive/955/955_G6_1_,955,G6,1,35,Cytosol,HPA057038,ENSG00000116161,CACYBP
/archive/955/955_G6_2_,955,G6,2,35,Cytosol,HPA057038,ENSG00000116161,CACYBP
/archive/966/966_A1_1_,966,A1,1,35,Nucleoplasm,HPA054689,ENSG00000116560,SFPQ
/archive/966/966_A1_2_,966,A1,2,35,Nucleoplasm,HPA054689,ENSG00000116560,SFPQ
/archive/966/966_C3_1_,966,C3,1,35,"Cytosol,Endoplasmic reticulum",HPA055133,ENSG00000140988,RPS2
/archive/966/966_C3_2_,966,C3,2,35,"Cytosol,Endoplasmic reticulum",HPA055133,ENSG00000140988,RPS2
/archive/968/968_D12_5_,968,D12,5,35,"Cytosol,Nucleoplasm",CAB005261,ENSG00000169047,IRS1
/archive/968/968_D12_6_,968,D12,6,35,"Cytosol,Nucleoplasm",CAB005261,ENSG00000169047,IRS1
/archive/968/968_E1_1_,968,E1,1,35,"Cytosol,Plasma membrane",CAB009561,ENSG00000168028,RPSA
/archive/968/968_E1_2_,968,E1,2,35,"Cytosol,Plasma membrane",CAB009561,ENSG00000168028,RPSA
/archive/970/970_F1_1_,970,F1,1,35,Nucleoplasm,CAB010066,ENSG00000130726,TRIM28
/archive/970/970_F1_2_,970,F1,2,35,Nucleoplasm,CAB010066,ENSG00000130726,TRIM28
/archive/970/970_G3_1_,970,G3,1,35,Cytosol,CAB015336,ENSG00000134333,LDHA
/archive/970/970_G3_2_,970,G3,2,35,Cytosol,CAB015336,ENSG00000134333,LDHA
/archive/970/970_H4_4_,970,H4,4,35,"Cytosol,Nucleoplasm,Plasma membrane",CAB018614,ENSG00000074800,ENO1
/archive/970/970_H4_8_,970,H4,8,35,"Cytosol,Nucleoplasm,Plasma membrane",CAB018614,ENSG00000074800,ENO1
/archive/980/980_D6_1_,980,D6,1,35,Nuclear speckles,HPA057372,ENSG00000182872,RBM10
/archive/980/980_D6_2_,980,D6,2,35,Nuclear speckles,HPA057372,ENSG00000182872,RBM10
/archive/982/982_G8_1_,982,G8,1,35,Nucleoplasm,HPA056613,ENSG00000140264,SERF2
/archive/982/982_G8_2_,982,G8,2,35,Nucleoplasm,HPA056613,ENSG00000140264,SERF2
/archive/983/983_H11_1_,983,H11,1,35,Nuclear speckles,HPA058120,ENSG00000164609,SLU7
/archive/983/983_H11_2_,983,H11,2,35,Nuclear speckles,HPA058120,ENSG00000164609,SLU7
/archive/993/993_H10_1_,993,H10,1,35,"Cytosol,Endoplasmic reticulum,Nucleoli",HPA059015,ENSG00000149806,FAU
/archive/993/993_H10_3_,993,H10,3,35,"Cytosol,Endoplasmic reticulum,Nucleoli",HPA059015,ENSG00000149806,FAU
/archive/994/994_B4_1_,994,B4,1,35,"Cytosol,Endoplasmic reticulum,Nucleoli fibrillar center",HPA053987,ENSG00000077380,DYNC1I2
/archive/994/994_B4_4_,994,B4,4,35,"Cytosol,Endoplasmic reticulum,Nucleoli fibrillar center",HPA053987,ENSG00000077380,DYNC1I2
/archive/995/995_D3_1_,995,D3,1,35,Cytosol,HPA057595,ENSG00000130921,C12orf65
/archive/995/995_D3_3_,995,D3,3,35,Cytosol,HPA057595,ENSG00000130921,C12orf65
/archive/996/996_A10_1_,996,A10,1,35,Vesicles,HPA045954,ENSG00000102547,CAB39L
/archive/996/996_A10_2_,996,A10,2,35,Vesicles,HPA045954,ENSG00000102547,CAB39L
/archive/1003/1003_D8_1_,1003,D8,1,35,"Cytosol,Nucleoplasm",HPA031599,ENSG00000131013,PPIL4
/archive/1003/1003_D8_2_,1003,D8,2,35,"Cytosol,Nucleoplasm",HPA031599,ENSG00000131013,PPIL4
/archive/1013/1013_H5_1_,1013,H5,1,35,Nucleoplasm,HPA059332,ENSG00000153914,SREK1
/archive/1013/1013_H5_2_,1013,H5,2,35,Nucleoplasm,HPA059332,ENSG00000153914,SREK1
/archive/1015/1015_G8_2_,1015,G8,2,35,"Cytosol,Nucleoplasm",HPA057866,ENSG00000124802,EEF1E1
/archive/1015/1015_G8_3_,1015,G8,3,35,"Cytosol,Nucleoplasm",HPA057866,ENSG00000124802,EEF1E1
/archive/1018/1018_G7_1_,1018,G7,1,35,Plasma membrane,HPA060144,ENSG00000128641,MYO1B
/archive/1018/1018_G7_2_,1018,G7,2,35,Plasma membrane,HPA060144,ENSG00000128641,MYO1B
/archive/1056/1056_E10_1_,1056,E10,1,35,Nuclear speckles,HPA036835,ENSG00000153827,TRIP12
/archive/1056/1056_E10_2_,1056,E10,2,35,Nuclear speckles,HPA036835,ENSG00000153827,TRIP12
/archive/1104/1104_F2_3_,1104,F2,3,35,Centrosome,HPA062025,ENSG00000165669,FAM204A
/archive/1104/1104_F2_4_,1104,F2,4,35,Centrosome,HPA062025,ENSG00000165669,FAM204A
/archive/1105/1105_A3_1_,1105,A3,1,35,"Nuclear speckles,Nucleoplasm",HPA037673,ENSG00000153914,SREK1
/archive/1105/1105_A3_2_,1105,A3,2,35,"Nuclear speckles,Nucleoplasm",HPA037673,ENSG00000153914,SREK1
/archive/1105/1105_E5_1_,1105,E5,1,35,"Nucleoplasm,Plasma membrane",HPA031872,ENSG00000123562,MORF4L2
/archive/1105/1105_E5_2_,1105,E5,2,35,"Nucleoplasm,Plasma membrane",HPA031872,ENSG00000123562,MORF4L2
/archive/1106/1106_A11_5_,1106,A11,5,35,"Nucleoli,Nucleoplasm",HPA062583,ENSG00000029993,HMGB3
/archive/1106/1106_A11_7_,1106,A11,7,35,"Nucleoli,Nucleoplasm",HPA062583,ENSG00000029993,HMGB3
/archive/1106/1106_B7_1_,1106,B7,1,35,Nucleoli,HPA062628,ENSG00000108592,FTSJ3
/archive/1106/1106_B7_2_,1106,B7,2,35,Nucleoli,HPA062628,ENSG00000108592,FTSJ3
/archive/1106/1106_D8_1_,1106,D8,1,35,Nucleoplasm,HPA062391,ENSG00000105357,MYH14
/archive/1106/1106_D8_2_,1106,D8,2,35,Nucleoplasm,HPA062391,ENSG00000105357,MYH14
/archive/1106/1106_G4_2_,1106,G4,2,35,"Plasma membrane,Vesicles",HPA062232,ENSG00000099812,MISP
/archive/1106/1106_G4_3_,1106,G4,3,35,"Plasma membrane,Vesicles",HPA062232,ENSG00000099812,MISP
/archive/1130/1130_H11_1_,1130,H11,1,35,Endoplasmic reticulum,HPA061541,ENSG00000166130,IKBIP
/archive/1130/1130_H11_2_,1130,H11,2,35,Endoplasmic reticulum,HPA061541,ENSG00000166130,IKBIP
/archive/1132/1132_B11_1_,1132,B11,1,35,Nucleoplasm,HPA064033,ENSG00000130726,TRIM28
/archive/1132/1132_B11_2_,1132,B11,2,35,Nucleoplasm,HPA064033,ENSG00000130726,TRIM28
/archive/1132/1132_H11_4_,1132,H11,4,35,"Cytosol,Plasma membrane",HPA064293,ENSG00000087191,PSMC5
/archive/1132/1132_H11_6_,1132,H11,6,35,"Cytosol,Plasma membrane",HPA064293,ENSG00000087191,PSMC5
/archive/1138/1138_A4_1_,1138,A4,1,35,"Nuclear bodies,Nucleoplasm",HPA061214,ENSG00000119953,SMNDC1
/archive/1138/1138_A4_4_,1138,A4,4,35,"Nuclear bodies,Nucleoplasm",HPA061214,ENSG00000119953,SMNDC1
/archive/1141/1141_E7_1_,1141,E7,1,35,Nuclear bodies,HPA062700,ENSG00000101452,DHX35
/archive/1141/1141_E7_2_,1141,E7,2,35,Nuclear bodies,HPA062700,ENSG00000101452,DHX35
/archive/1156/1156_F1_1_,1156,F1,1,35,Mitochondria,HPA063684,ENSG00000108064,TFAM
/archive/1156/1156_F1_2_,1156,F1,2,35,Mitochondria,HPA063684,ENSG00000108064,TFAM
/archive/1211/1211_B11_1_,1211,B11,1,35,Nucleoplasm,HPA067116,ENSG00000117360,PRPF3
/archive/1211/1211_B11_2_,1211,B11,2,35,Nucleoplasm,HPA067116,ENSG00000117360,PRPF3
/archive/1250/1250_D5_1_,1250,D5,1,35,"Golgi apparatus,Nucleoplasm",HPA067433,ENSG00000108671,PSMD11
/archive/1250/1250_D5_4_,1250,D5,4,35,"Golgi apparatus,Nucleoplasm",HPA067433,ENSG00000108671,PSMD11
/archive/1257/1257_B7_1_,1257,B7,1,35,,HPA063575,ENSG00000123836,PFKFB2
/archive/1257/1257_B7_2_,1257,B7,2,35,,HPA063575,ENSG00000123836,PFKFB2
/archive/1285/1285_G2_2_,1285,G2,2,35,Nuclear speckles,HPA066181,ENSG00000167978,SRRM2
/archive/1285/1285_G2_3_,1285,G2,3,35,Nuclear speckles,HPA066181,ENSG00000167978,SRRM2
/archive/1312/1312_A12_1_,1312,A12,1,35,Nucleoplasm,HPA069667,ENSG00000169813,HNRNPF
/archive/1312/1312_A12_2_,1312,A12,2,35,Nucleoplasm,HPA069667,ENSG00000169813,HNRNPF
/archive/1351/1351_A7_1_,1351,A7,1,35,"Cell Junctions,Plasma membrane,Vesicles",HPA071055,ENSG00000155380,SLC16A1
/archive/1351/1351_A7_3_,1351,A7,3,35,"Cell Junctions,Plasma membrane,Vesicles",HPA071055,ENSG00000155380,SLC16A1
/archive/1353/1353_B9_2_,1353,B9,2,35,"Cytosol,Endoplasmic reticulum,Nucleoli",HPA069064,ENSG00000162244,RPL29
/archive/1353/1353_B9_3_,1353,B9,3,35,"Cytosol,Endoplasmic reticulum,Nucleoli",HPA069064,ENSG00000162244,RPL29
/archive/1358/1358_C11_1_,1358,C11,1,35,Mitochondria,HPA062208,ENSG00000172380,GNG12
/archive/1358/1358_C11_2_,1358,C11,2,35,Mitochondria,HPA062208,ENSG00000172380,GNG12
/archive/1454/1454_C2_2_,1454,C2,2,35,"Nucleoli,Nucleoplasm",HPA041134,ENSG00000189091,SF3B3
/archive/1454/1454_C2_3_,1454,C2,3,35,"Nucleoli,Nucleoplasm",HPA041134,ENSG00000189091,SF3B3
/archive/1497/1497_H6_1_,1497,H6,1,35,Cytosol,HPA073876,ENSG00000023734,STRAP
/archive/1497/1497_H6_2_,1497,H6,2,35,Cytosol,HPA073876,ENSG00000023734,STRAP
/archive/1616/1616_G5_2_,1616,G5,2,35,"Cytokinetic bridge,Nucleoli fibrillar center,Nucleoplasm",HPA021052,ENSG00000144048,DUSP11
/archive/1616/1616_G5_3_,1616,G5,3,35,"Cytokinetic bridge,Nucleoli fibrillar center,Nucleoplasm",HPA021052,ENSG00000144048,DUSP11
/archive/1642/1642_D1_4_,1642,D1,4,35,Intermediate filaments,HPA001218,ENSG00000185721,DRG1
/archive/1642/1642_D1_5_,1642,D1,5,35,Intermediate filaments,HPA001218,ENSG00000185721,DRG1
/archive/1708/1708_B2_8_,1708,B2,8,35,"Nucleoplasm,Plasma membrane",HPA074599,ENSG00000163092,XIRP2
/archive/1708/1708_B2_28_,1708,B2,28,35,"Nucleoplasm,Plasma membrane",HPA074599,ENSG00000163092,XIRP2
/archive/1732/1732_H5_18_,1732,H5,18,35,Mitochondria,HPA076790,ENSG00000180992,MRPL14
/archive/1732/1732_H5_28_,1732,H5,28,35,Mitochondria,HPA076790,ENSG00000180992,MRPL14
/archive/1754/1754_G1_13_,1754,G1,13,35,"Cell Junctions,Nuclear speckles",HPA067595,ENSG00000277443,MARCKS
/archive/1754/1754_G1_17_,1754,G1,17,35,"Cell Junctions,Nuclear speckles",HPA067595,ENSG00000277443,MARCKS
/archive/1772/1772_B9_7_,1772,B9,7,35,"Cytokinetic bridge,Microtubules,Mitotic spindle",HPA071875,ENSG00000204843,DCTN1
/archive/1772/1772_B9_8_,1772,B9,8,35,"Cytokinetic bridge,Microtubules,Mitotic spindle",HPA071875,ENSG00000204843,DCTN1
/archive/1772/1772_E4_5_,1772,E4,5,35,"Actin filaments,Centrosome",HPA058101,ENSG00000129680,MAP7D3
/archive/1772/1772_E4_6_,1772,E4,6,35,"Actin filaments,Centrosome",HPA058101,ENSG00000129680,MAP7D3
/archive/1773/1773_A12_5_,1773,A12,5,35,Nucleoplasm,HPA029912,ENSG00000137497,NUMA1
/archive/1773/1773_A12_8_,1773,A12,8,35,Nucleoplasm,HPA029912,ENSG00000137497,NUMA1
/archive/1841/1841_H2_1_,1841,H2,1,35,Cytosol,HPA018126,ENSG00000135387,CAPRIN1
/archive/1841/1841_H2_2_,1841,H2,2,35,Cytosol,HPA018126,ENSG00000135387,CAPRIN1
/archive/1841/1841_H3_1_,1841,H3,1,35,,HPA063617,ENSG00000135387,CAPRIN1
/archive/1841/1841_H3_2_,1841,H3,2,35,,HPA063617,ENSG00000135387,CAPRIN1
/archive/1865/1865_G3_2_,1865,G3,2,35,"Cytosol,Plasma membrane",HPA046964,ENSG00000182718,ANXA2
/archive/1865/1865_G3_4_,1865,G3,4,35,"Cytosol,Plasma membrane",HPA046964,ENSG00000182718,ANXA2
/archive/1870/1870_F8_5_,1870,F8,5,35,"Nucleoli fibrillar center,Plasma membrane",HPA066404,ENSG00000109458,GAB1
/archive/1870/1870_F8_6_,1870,F8,6,35,"Nucleoli fibrillar center,Plasma membrane",HPA066404,ENSG00000109458,GAB1
/archive/1870/1870_G3_4_,1870,G3,4,35,Plasma membrane,HPA075335,ENSG00000135341,MAP3K7
/archive/1870/1870_G3_5_,1870,G3,5,35,Plasma membrane,HPA075335,ENSG00000135341,MAP3K7
/archive/1883/1883_H11_32_,1883,H11,32,35,"Nucleoli,Nucleoplasm",HPA047957,ENSG00000179119,SPTY2D1
/archive/1883/1883_H11_33_,1883,H11,33,35,"Nucleoli,Nucleoplasm",HPA047957,ENSG00000179119,SPTY2D1
/archive/1888/1888_A4_3_,1888,A4,3,35,"Mitotic chromosome,Nucleoli",HPA041056,ENSG00000088205,DDX18
/archive/1888/1888_A4_4_,1888,A4,4,35,"Mitotic chromosome,Nucleoli",HPA041056,ENSG00000088205,DDX18
/archive/1888/1888_B6_3_,1888,B6,3,35,"Mitotic chromosome,Nucleoli,Nucleoplasm",HPA055544,ENSG00000108592,FTSJ3
/archive/1888/1888_B6_4_,1888,B6,4,35,"Mitotic chromosome,Nucleoli,Nucleoplasm",HPA055544,ENSG00000108592,FTSJ3
/archive/1888/1888_C9_1_,1888,C9,1,35,"Mitotic chromosome,Nucleoli",HPA028606,ENSG00000188739,RBM34
/archive/1888/1888_C9_2_,1888,C9,2,35,"Mitotic chromosome,Nucleoli",HPA028606,ENSG00000188739,RBM34
/archive/1888/1888_E10_3_,1888,E10,3,35,"Mitotic chromosome,Nucleoli rim",HPA035735,ENSG00000155438,NIFK
/archive/1888/1888_E10_6_,1888,E10,6,35,"Mitotic chromosome,Nucleoli rim",HPA035735,ENSG00000155438,NIFK
/archive/1888/1888_G3_4_,1888,G3,4,35,"Mitotic chromosome,Nucleoli",HPA039614,ENSG00000113460,BRIX1
/archive/1888/1888_G3_5_,1888,G3,5,35,"Mitotic chromosome,Nucleoli",HPA039614,ENSG00000113460,BRIX1
/archive/1893/1893_E12_3_,1893,E12,3,35,"Centrosome,Nucleoplasm",HPA075151,ENSG00000126804,ZBTB1
/archive/1893/1893_E12_27_,1893,E12,27,35,"Centrosome,Nucleoplasm",HPA075151,ENSG00000126804,ZBTB1
/archive/1893/1893_K3_13_,1893,K3,13,35,"Micronucleus,Nucleoplasm",HPA015583,ENSG00000140259,MFAP1
/archive/1893/1893_K3_18_,1893,K3,18,35,"Micronucleus,Nucleoplasm",HPA015583,ENSG00000140259,MFAP1
/archive/1893/1893_M13_27_,1893,M13,27,35,Plasma membrane,HPA071162,ENSG00000110841,PPFIBP1
/archive/1893/1893_M13_33_,1893,M13,33,35,Plasma membrane,HPA071162,ENSG00000110841,PPFIBP1
/archive/1893/1893_M16_15_,1893,M16,15,35,"Nucleoli,Nucleoplasm",HPA073514,ENSG00000163565,IFI16
/archive/1893/1893_M16_27_,1893,M16,27,35,"Nucleoli,Nucleoplasm",HPA073514,ENSG00000163565,IFI16
/archive/1893/1893_N16_16_,1893,N16,16,35,"Cytosol,Endoplasmic reticulum",HPA073508,ENSG00000138326,RPS24
/archive/1893/1893_N16_28_,1893,N16,28,35,"Cytosol,Endoplasmic reticulum",HPA073508,ENSG00000138326,RPS24
/archive/1894/1894_C7_1_,1894,C7,1,35,"Mitotic chromosome,Nucleoli",CAB037320,ENSG00000136271,DDX56
/archive/1894/1894_C7_2_,1894,C7,2,35,"Mitotic chromosome,Nucleoli",CAB037320,ENSG00000136271,DDX56
/archive/1901/1901_I19_2_,1901,I19,2,35,"Nucleoli,Nucleoplasm",HPA040177,ENSG00000179119,SPTY2D1
/archive/1901/1901_I19_3_,1901,I19,3,35,"Nucleoli,Nucleoplasm",HPA040177,ENSG00000179119,SPTY2D1
/archive/1901/1901_L23_2_,1901,L23,2,35,Nucleoplasm,HPA070666,ENSG00000119953,SMNDC1
/archive/1901/1901_L23_3_,1901,L23,3,35,Nucleoplasm,HPA070666,ENSG00000119953,SMNDC1
/archive/1949/1949_B4_1_,1949,B4,1,35,"Nucleoli,Nucleoplasm",HPA071154,ENSG00000108654,DDX5
/archive/1949/1949_B4_3_,1949,B4,3,35,"Nucleoli,Nucleoplasm",HPA071154,ENSG00000108654,DDX5
/archive/1951/1951_A2_2_,1951,A2,2,35,"Micronucleus,Nuclear membrane",HPA070805,ENSG00000120802,TMPO
/archive/1951/1951_A2_3_,1951,A2,3,35,"Micronucleus,Nuclear membrane",HPA070805,ENSG00000120802,TMPO
/archive/2041/2041_B8_1_,2041,B8,1,35,Vesicles,HPA068391,ENSG00000100234,TIMP3
/archive/2041/2041_B8_2_,2041,B8,2,35,Vesicles,HPA068391,ENSG00000100234,TIMP3
